INSERT INTO dim_tiempo (id_tiempo, fecha, anio, mes, dia) VALUES
(1, '2025-06-25', 2025, 6, 25),
(2, '2024-12-15', 2024, 12, 15),
(3, '2023-08-10', 2023, 8, 10),
(4, '2025-03-05', 2025, 3, 5),
(5, '2024-09-20', 2024, 9, 20),
(6, '2023-01-12', 2023, 1, 12),
(7, '2025-11-30', 2025, 11, 30),
(8, '2024-04-18', 2024, 4, 18),
(9, '2023-07-07', 2023, 7, 7),
(10, '2025-02-14', 2025, 2, 14),
(11, '2024-10-05', 2024, 10, 5),
(12, '2023-05-22', 2023, 5, 22),
(13, '2025-08-09', 2025, 8, 9),
(14, '2024-01-31', 2024, 1, 31),
(15, '2023-11-03', 2023, 11, 3),
(16, '2025-04-17', 2025, 4, 17),
(17, '2024-07-25', 2024, 7, 25),
(18, '2023-03-28', 2023, 3, 28),
(19, '2025-10-12', 2025, 10, 12),
(20, '2024-06-08', 2024, 6, 8),
(21, '2023-09-14', 2023, 9, 14),
(22, '2025-01-19', 2025, 1, 19),
(23, '2024-03-02', 2024, 3, 2),
(24, '2023-12-27', 2023, 12, 27),
(25, '2025-05-11', 2025, 5, 11);

INSERT INTO dim_ciudad (id_ciudad, ciudad, pais) VALUES
(1, 'Madrid', 'España'),
(2, 'Paris', 'Francia'),
(3, 'Berlin', 'Alemania'),
(4, 'Roma', 'Italia'),
(5, 'Lisboa', 'Portugal');

INSERT INTO dim_cliente (id_cliente, nombre, genero, id_ciudad) VALUES
(1, 'Juan Pérez', 'Masculino', 1),
(2, 'Maria Lopez', 'Femenino', 2),
(3, 'Hans Muller', 'Masculino', 3),
(4, 'Sofia Ricci', 'Femenino', 4),
(5, 'Ana Silva', 'Femenino', 5);

INSERT INTO dim_tienda (id_tienda, nombre, id_ciudad) VALUES
(1, 'Tienda Central', 1),
(2, 'Tienda Norte', 2),
(3, 'Tienda Este', 3),
(4, 'Tienda Sur', 4),
(5, 'Tienda Oeste', 5);

INSERT INTO dim_pelicula (id_pelicula, titulo, duracion, rating, id_ciudad) VALUES
(1, 'Pelicula A', 120, 'PG-13', '1'),
(2, 'Pelicula B', 95, 'R', '2'),
(3, 'Pelicula C', 110, 'PG', '3'),
(4, 'Pelicula D', 130, 'G', '4'),
(5, 'Pelicula E', 100, 'PG-13', '5');

INSERT INTO hechos_ventas (id_tiempo, id_cliente, id_tienda, id_pelicula, id_ciudad, monto_uni, cantidad, renta_uni) VALUES
(1, 1, 1, 1, 1, 5.99, 2, 11.98),
(2, 2, 2, 2, 2, 7.99, 1, 7.99),
(3, 3, 3, 3, 3, 4.99, 3, 14.97),
(4, 4, 4, 4, 4, 6.99, 2, 13.98),
(5, 5, 5, 5, 5, 5.49, 1, 5.49),
(1, 1, 2, 2, 2, 7.99, 1, 7.99),
(2, 2, 3, 3, 3, 4.99, 2, 9.98),
(3, 3, 4, 4, 4, 6.99, 1, 6.99),
(4, 4, 5, 5, 5, 5.49, 3, 16.47),
(5, 5, 1, 1, 1, 5.99, 2, 11.98),
(6, 1, 3, 3, 3, 4.99, 1, 4.99),
(7, 2, 4, 4, 4, 6.99, 2, 13.98),
(8, 3, 5, 5, 5, 5.49, 1, 5.49),
(9, 4, 1, 1, 1, 5.99, 3, 17.97),
(10, 5, 2, 2, 2, 7.99, 2, 15.98),
(11, 1, 4, 4, 4, 6.99, 1, 6.99),
(12, 2, 5, 5, 5, 5.49, 2, 10.98),
(13, 3, 1, 1, 1, 5.99, 1, 5.99),
(14, 4, 3, 3, 3, 4.99, 3, 14.97),
(15, 5, 2, 2, 2, 7.99, 1, 7.99),
(16, 1, 5, 5, 5, 5.49, 2, 10.98),
(17, 2, 1, 1, 1, 5.99, 3, 17.97),
(18, 3, 2, 2, 2, 7.99, 1, 7.99),
(19, 4, 3, 3, 3, 4.99, 2, 9.98),
(20, 5, 4, 4, 4, 6.99, 1, 6.99),
(21, 1, 5, 5, 5, 5.49, 3, 16.47),
(22, 2, 1, 1, 1, 5.99, 2, 11.98),
(23, 3, 2, 2, 2, 7.99, 1, 7.99),
(24, 4, 3, 3, 3, 4.99, 2, 9.98),
(25, 5, 4, 4, 4, 6.99, 1, 6.99);
